{
    "mean fneg": 0.7089229702000089, 
    "mean accuracy": 0.6408469945355191, 
    "mean fpos": 0.5617018822071117, 
    "description": "voc 25, with confidence, with not", 
    "mean fneu": 0.5294692478370042
}