{
    "mean fneg": 0.007824126953923635, 
    "mean accuracy": 0.25587431693989066, 
    "mean fpos": 0.3551957757957356, 
    "description": "voc 25, without confidence, without not", 
    "mean fneu": 0.3790238797711951
}